SYSTEM,RESOLUTION,AREA_ID,0,1,2,3,4,5,6,7,8,9,10,11,12,13,14,15,16,17,18,19,20,21,22,23,24,25,26,27,28,29
L,2,2000_FF,186,187,202,144,174,144,130,181,207,202,149,134,113,187,192,129,137,133,127,205,114,149,189,144,118,189,110,150,125,120
L,2,4000_FF,256,279,274,299,235,248,265,244,235,316,337,297,236,239,293,244,242,318,297,329,268,276,299,274,284,276,231,292,240,308
L,2,6000_FF,425,386,437,433,423,421,411,421,436,442,382,401,359,416,389,377,365,394,365,391,414,396,432,379,434,379,371,428,356,415
L,2,8000_FF,753,734,755,733,707,764,698,743,742,682,726,741,722,775,740,724,738,743,716,682,732,739,690,671,688,686,695,745,683,683
L,2,10000_FF,933,881,834,825,838,869,841,803,847,832,828,843,906,911,888,876,806,845,846,875,803,816,872,809,815,882,880,859,847,823
L,2,12000_FF,1003,1048,991,961,1039,1047,1044,1046,954,1046,1021,1007,991,1048,1040,1060,1181,1008,1026,1041,987,1050,1041,988,1051,1023,1049,1020,970,1036
L,2,14000_FF,1177,1165,1157,1172,1157,1173,1097,1143,1116,1095,1151,1185,1178,1093,1123,1155,1088,1179,1157,1125,1102,1240,1124,1099,1137,1120,1172,1141,1169,1122
L,2,16000_FF,1348,1282,1320,1312,1364,1365,1419,1354,1350,1388,1351,1283,1303,1360,1313,1311,1318,1360,1340,1329,1349,1353,1350,1355,1292,1343,1340,1350,1299,1268
L,2,18000_FF,2233,2397,2393,2444,2460,2235,2455,2225,2341,2221,2229,2395,2485,2227,2361,2391,2358,2438,2421,2238,2296,2347,2256,2410,2222,2298,2253,2458,2243,2352
L,2,20000_FF,3043,2891,2961,2762,2771,2773,2953,2922,2773,2768,2938,2774,2910,2967,2922,2771,2773,2928,2761,2782,2896,2761,2973,2759,2952,2768,2787,2760,2778,2899
L,2,22000_FF,3240,3096,2921,3135,3173,2923,2982,3300,2915,3120,3042,3065,3084,3077,3229,3163,3140,3107,3118,3169,3088,3167,2957,3177,3110,3079,3080,3088,2946,3127
L,2,24000_FF,3036,3321,3352,3019,3024,3435,3351,3019,3352,3317,3033,3210,3226,3198,3247,3032,3013,3017,3193,3205,3218,3027,3178,3020,3037,3184,3195,3032,3252,3016
L,2,26000_FF,4619,4590,4615,4674,4175,4709,4642,4699,4633,4660,4603,4126,4547,4494,4557,4117,4621,4609,4234,4604,4517,4138,4587,4586,4571,4612,4658,4113,4182,4126
L,2,28000_FF,4307,4867,4927,4705,4884,4899,4828,4899,4828,4941,4779,4802,4798,4719,4809,4291,4288,4795,4284,4781,4814,4858,4865,4795,4626,4305,4807,4786,4309,4297
L,2,30000_FF,4535,5056,5103,4502,5174,5078,5080,5109,5190,5074,5111,5021,5029,4489,4478,4764,5106,5077,5025,5099,5043,5009,5059,5020,5026,4469,5014,5030,5126,5109
L,2,32000_FF,5148,5399,5391,4790,5426,5380,5416,5420,5425,5368,5414,4772,4741,5310,5382,4754,5351,4756,5395,5326,5381,5385,5314,5353,4743,5320,5313,5363,5365,4739
L,2,34000_FF,5079,5051,5037,5075,5021,5054,5733,5722,5661,5046,5724,5664,5779,5002,5724,5773,5010,5764,5015,5715,5011,5699,4973,5746,5009,5010,5664,5716,5779,4981
L,2,36000_FF,6184,6212,5530,5504,5507,6239,6247,6243,5491,6190,6243,5431,5496,6194,6223,6304,6263,6214,5412,6212,5494,6219,5427,5422,5411,6210,6214,5415,6241,6205
L,2,38000_FF,6267,6222,5565,6263,6202,6246,5531,6254,6273,5540,5466,6274,6279,5438,6317,6247,5446,6260,5551,6253,5445,6238,5451,5449,5456,6248,5446,6250,5436,5448
L,2,40000_FF,5888,5891,5865,6688,6659,6675,6749,6685,5890,5874,6802,5861,6740,5784,6678,5777,6670,5803,6716,5881,5857,6730,5776,6753,6680,5791,6714,6730,6676,6778
L,2,42000_FF,6823,6842,6031,6841,6797,6817,6991,6820,6017,6885,6802,6949,5925,6796,6873,6800,6842,6879,6945,6016,6023,5984,5932,6811,6863,6837,6865,6817,5923,6883
L,2,44000_FF,7282,7317,7263,6410,7244,7303,7340,7347,7287,6405,7361,7230,6344,6337,7327,6329,7274,6326,6341,7294,6333,7359,7345,7309,6350,6328,6330,7337,7313,7317
L,2,46000_FF,12479,11771,11813,12443,12469,12450,12511,12448,11824,12494,12433,12470,12480,12562,11614,11630,11636,12451,11637,11657,11644,11767,11685,12453,12452,11648,11600,12467,11634,12501
L,2,48000_FF,12049,12031,12731,12731,12754,12033,12759,12819,12033,12757,12761,12796,12733,12714,12846,12746,12773,11828,12747,12745,12727,12773,11840,11813,12749,11855,11856,12708,12700,12742
L,2,50000_FF,13088,12350,12362,13023,13091,12350,12350,12363,12367,13059,12206,12203,13060,12211,13121,12228,13063,12221,12196,12178,13068,12992,13046,13093,13053,13111,13047,13070,12189,13069
L,2,52000_FF,13342,12641,13342,13367,12613,13328,12621,13363,13321,13366,12547,13362,13303,12485,12468,13309,12506,13351,13333,12492,12655,13319,12497,13341,13299,12477,13328,12491,12480,12478
L,2,54000_FF,20941,20868,20066,20877,20145,20085,20841,20848,20983,20871,19833,20842,20970,20899,19761,20960,19770,19708,20899,20910,19820,19769,20883,19779,20945,19730,19962,20928,19840,20994
L,2,56000_FF,20133,20922,20112,20927,20919,20955,20081,20930,20098,20906,20994,20925,21003,20968,21074,21057,21037,19819,19772,19811,19753,21012,20971,19826,19755,20943,21002,19765,21003,19783
L,2,58000_FF,20326,20246,21056,20976,21058,21130,21040,20297,21089,21128,19887,19776,21165,21053,20845,21178,21148,19905,21135,21073,19899,21111,19871,21172,21120,21080,21105,21213,21143,21092
L,2,60000_FF,21311,20457,20434,20497,21236,20480,21328,21251,20532,21290,21304,21310,21308,20159,21348,21328,21351,21334,21291,21362,21316,20088,21342,21321,21280,21321,20201,20157,21454,21022
L,2,62000_FF,21752,21696,21692,20909,21662,20882,20969,21674,21058,20851,20529,20494,20644,21724,20526,21767,20532,21817,21789,21791,21776,21789,20530,20540,20531,21753,21731,21791,20505,21713
L,2,64000_FF,21863,21878,21821,21063,21895,21091,21961,21903,21881,21056,20793,20743,20778,20749,21997,21955,21993,20714,21897,21964,20711,21936,20715,20743,20732,21987,20689,20730,21927,21914
L,2,66000_FF,21338,22225,22153,21404,22154,22227,22510,22161,22132,22119,22192,22192,22194,22201,20915,22271,20928,20962,22211,22230,22247,22284,22224,22300,20985,22274,22211,22214,20916,22299
L,2,68000_FF,27723,27849,27790,27313,26766,26817,26858,27773,27784,27653,27750,27799,27690,26375,27861,27885,27819,26400,27780,26385,26539,27853,27799,27894,27968,27720,27962,26511,26403,26400
L,2,70000_FF,27028,27937,27820,26943,27835,26943,27851,27004,26904,27742,27471,27857,26629,27866,27909,26576,27911,27952,27940,28078,28024,28021,27910,27954,27988,26565,28025,26540,27943,27960
L,2,72000_FF,28003,28777,28766,28686,28677,27776,28669,28691,27836,28772,28765,28807,27375,28837,28739,28805,27454,28760,28796,28745,28879,28812,28784,27387,28897,28791,28844,29079,28830,28797
L,2,74000_FF,29137,29093,29056,28579,28984,28235,29013,28913,28991,28948,29114,29244,27744,27736,29107,27840,29077,29218,29140,29109,27826,27838,27819,27752,29141,29136,29140,29099,29159,27766
L,2,76000_FF,29050,28194,28966,28970,29037,29068,28167,28941,28962,29120,27806,29148,29247,29069,27714,29033,29089,29123,27799,27762,29140,27752,29125,27845,29094,27830,29258,27765,29081,29124
L,2,78000_FF,28247,29054,28242,28214,29051,28187,28289,28993,29297,29189,29198,29192,27802,29161,29219,29163,29136,27767,29178,29210,29204,27762,29261,29233,29181,29425,27897,29178,29148,27831
L,2,80000_FF,28848,29131,29177,29120,29125,29187,29057,28303,29548,27974,29249,27844,27858,29201,29238,27888,29204,28013,27870,27935,29269,27826,29268,29300,29232,29319,29305,29416,29212,29241
L,2,82000_FF,32073,33097,31994,33045,33000,32964,33028,32985,33060,33160,33001,31621,31702,31646,33107,31602,33089,31598,33151,33124,31635,33140,31672,33114,32988,33163,33165,31607,33087,33064
L,2,84000_FF,33197,32820,33104,33274,32258,33073,33162,33140,33127,33266,33176,31732,33132,33148,33266,33161,33163,31813,31844,33157,33150,33121,31822,33183,33292,31873,32174,31874,31885,33294
L,2,86000_FF,33248,33363,33219,33236,33283,33227,33404,33325,33212,33270,33374,33168,33219,32008,33429,33378,33267,32006,33222,33643,33336,31926,31876,31984,33345,31916,31986,31954,32128,33345
L,2,88000_FF,34544,34482,34393,33671,33576,34568,34607,34485,34422,34441,34497,34532,34471,33158,33255,34461,34434,33120,34515,34515,34497,34556,33118,34486,33127,34543,33191,33150,34507,33219
L,2,90000_FF,34439,34363,34438,34463,34422,33591,33658,34548,34325,34452,34469,34447,34097,34562,34461,34421,34416,33110,34473,34433,34356,33083,33157,34398,33101,34601,33206,33104,34432,34722
L,2,92000_FF,33749,33816,34695,33703,34665,34596,34795,34683,33788,34720,34629,34615,34657,34658,34730,33286,33362,33246,34661,34680,34689,34754,34769,34801,34813,34889,34719,33321,34741,33295
L,2,94000_FF,33944,34750,34652,33972,33812,33911,34689,34675,34693,34911,34778,34770,33474,34713,33333,34855,34817,34802,34750,34686,34784,33362,34773,33405,34883,34889,34739,34857,34782,34773
L,4,2000_FF,97,101,105,83,86,108,86,104,102,109,86,109,103,81,97,82,81,107,100,112,111,80,94,81,112,81,96,109,99,83
L,4,4000_FF,143,119,115,112,130,110,110,133,188,131,110,129,144,144,140,144,192,191,186,132,176,146,111,181,186,186,117,200,141,189
L,4,6000_FF,176,216,151,200,242,156,216,221,194,235,221,176,220,230,222,254,220,155,180,215,161,168,194,175,179,167,225,224,148,218
L,4,8000_FF,298,249,270,292,309,292,237,274,299,286,292,254,285,240,255,299,240,289,265,291,296,297,323,329,227,257,293,233,324,282
L,4,10000_FF,335,345,274,331,256,263,269,261,327,353,273,331,299,265,325,350,289,272,329,288,345,310,256,279,333,306,331,329,330,333
L,4,12000_FF,371,376,312,386,366,304,350,368,341,374,308,307,306,302,369,328,330,301,366,387,371,324,335,318,372,314,337,322,388,393
L,4,14000_FF,425,415,404,410,358,400,387,349,407,408,402,383,403,370,402,404,354,377,362,373,413,370,402,405,407,406,427,407,358,340
L,4,16000_FF,425,455,454,451,433,415,458,450,402,412,462,450,456,401,407,385,452,419,456,508,420,457,463,402,508,441,459,390,452,438
L,4,18000_FF,672,672,665,639,657,665,726,658,621,638,672,669,634,606,680,666,681,618,663,616,605,677,698,685,688,665,672,708,672,623
L,4,20000_FF,748,816,751,796,802,740,729,782,734,791,837,726,800,738,761,756,801,773,823,745,802,742,751,759,806,821,758,798,725,743
L,4,22000_FF,796,852,769,778,849,776,837,790,837,803,843,833,799,833,835,864,779,885,833,777,823,786,838,790,838,837,836,830,789,799
L,4,24000_FF,868,818,820,811,821,791,854,875,814,838,806,854,880,789,862,867,867,799,818,875,849,786,842,792,831,875,865,862,833,825
L,4,26000_FF,1135,1149,1185,1042,1122,1044,1128,1126,1086,1128,1076,1102,1063,1069,1116,1182,1113,1122,1102,1189,1136,1070,1069,1055,1078,1123,1141,1147,1137,1098
L,4,28000_FF,1128,1110,1188,1177,1160,1157,1101,1147,1190,1115,1179,1156,1179,1104,1123,1190,1133,1127,1130,1142,1125,1128,1237,1185,1142,1182,1190,1099,1190,1181
L,4,30000_FF,1187,1220,1217,1166,1186,1138,1213,1220,1233,1169,1163,1150,1178,1210,1198,1404,1221,1141,1218,1173,1156,1401,1222,1225,1224,1210,1224,1210,1210,1213
L,4,32000_FF,1216,1222,1220,1257,1200,1270,1182,1223,1203,1212,1225,1262,1246,1239,1247,1223,1257,1257,1260,1226,1255,1210,1263,1234,1319,1289,1170,1253,1265,1257
L,4,34000_FF,1360,1303,1348,1354,1340,1297,1358,1359,1359,1358,1342,1313,1339,1365,1337,1345,1354,1360,1293,1356,1363,1330,1354,1337,1354,1314,1313,1361,1300,1360
L,4,36000_FF,1433,1383,1414,1430,1431,1457,1415,1382,1453,1405,1450,1403,1471,1462,1458,1452,1446,1432,1451,1439,1471,1413,1460,1462,1457,1426,1449,1407,1455,1411
L,4,38000_FF,1440,1420,1400,1473,1466,1480,1391,1450,1388,1473,1428,1417,1446,1459,1446,1458,1397,1387,1455,1461,1562,1395,1469,1455,1417,1453,1434,1413,1456,1444
L,4,40000_FF,1484,1460,1557,1503,1489,1561,1462,1521,1549,1544,1516,1492,1555,1546,1549,1531,1539,1626,1489,1553,1558,1528,1552,1537,1549,1548,1527,1477,1533,1547
L,4,42000_FF,1501,1511,1681,1548,1536,1503,1492,1543,1566,1593,1844,1581,1810,1545,1579,1515,1585,1660,1556,1588,1565,1514,1577,1680,1546,1609,1578,1517,1572,1673
L,4,44000_FF,1600,1646,1589,1603,1641,1570,1616,1594,1654,1648,1617,1627,1658,1655,1646,1598,1638,1567,1575,1578,1663,1567,1568,1583,1644,1638,1937,1642,1649,1583
L,4,46000_FF,3075,3405,3477,3077,3385,3433,3372,3480,3436,3419,3073,3063,3059,3263,3253,3306,3337,3241,3216,3212,3228,3054,3084,3299,3315,3263,3241,3074,3230,3059
L,4,48000_FF,3115,3486,3416,3422,3438,3094,3464,3060,3399,3149,3069,3320,3289,3066,3393,3319,3251,3257,3058,3253,3291,3098,3252,3241,3058,3066,3066,3074,3309,3270
L,4,50000_FF,3578,3239,3232,3585,3234,3527,3228,3614,3569,3610,3207,3382,3390,3392,3380,3433,3351,3384,3376,3190,3200,3387,3187,3412,3178,3388,3192,3182,3347,3202
L,4,52000_FF,3736,3683,3734,3357,3321,3328,3669,3734,3646,3708,3524,3273,3513,3259,3578,3425,3264,3549,3275,3274,3452,3281,3512,3466,3292,3266,3457,3272,3268,3493
L,4,54000_FF,5916,5239,5942,5236,5886,5954,5966,5988,5868,5244,5888,5934,5958,5150,5164,5139,5177,5159,5962,6017,5925,5897,5883,5909,5903,5187,5906,6005,5917,5898
L,4,56000_FF,5232,5958,5940,5966,5959,5255,5928,5960,5888,6009,6026,6041,5139,5970,5971,6017,5945,5966,6031,6044,5169,5956,5960,5952,5903,5134,5948,5967,6022,5136
L,4,58000_FF,5948,5928,5940,5233,5229,5938,5976,5934,5971,5995,5159,6000,5252,5146,5925,5170,5895,5157,5160,5961,5186,5170,5170,6020,6037,6025,5224,6025,6049,5972
L,4,60000_FF,6045,6026,6026,5329,5363,5354,6074,5323,5327,6044,6081,6120,6049,6025,5342,5297,5238,5227,5237,6026,5254,6002,5325,6085,5228,5231,5242,5238,6037,6034
L,4,62000_FF,6283,6299,6210,5475,6214,5883,5494,5479,5507,5493,6299,6228,6264,6204,6206,6289,6286,6301,6259,6328,5453,5402,5765,6235,6292,6245,5392,6294,6222,5381
L,4,64000_FF,6307,6382,6299,5528,6313,6297,6295,6411,5521,6288,6302,5518,6301,5427,5427,5519,5445,6299,6363,5500,6338,6322,6327,6297,6376,6379,6410,5447,5426,6307
L,4,66000_FF,5539,5547,5521,5552,5527,5545,5537,6370,5530,5569,6410,6385,6391,6376,5429,6372,6364,6451,5837,6348,6349,5444,6357,6391,6379,6374,6405,6393,6346,6363
L,4,68000_FF,8048,6962,6977,7918,6960,6968,7936,7891,6975,7960,6921,7943,6885,8044,6900,6895,6948,6916,7997,7958,6904,6900,7989,7936,6913,8072,8001,6897,6908,7938
L,4,70000_FF,6994,7450,7004,7944,7040,7956,7980,6967,8003,6967,7992,8045,6944,7984,7999,6912,8049,8074,6914,8038,6903,6914,6958,8004,6916,8033,6905,6906,8031,6949
L,4,72000_FF,8232,8255,7239,8206,7291,7250,7252,7228,8220,8264,8238,7164,7196,8235,8221,7169,8206,8182,7172,8226,8297,8177,8373,7192,7173,8308,7153,7162,8303,8282
L,4,74000_FF,8404,7298,8343,8305,7329,8468,8324,8298,8356,7335,8325,7233,7229,7267,7272,7253,7259,8305,8349,8281,8316,7266,7270,7274,7718,8363,8293,8337,8328,8336
L,4,76000_FF,8396,8401,7306,8343,8266,7334,7304,8258,8308,8350,8285,8375,7244,7737,8332,8273,8288,8287,8322,8311,8322,7232,7266,7243,7239,8311,8367,8326,7246,8325
L,4,78000_FF,8409,8438,8325,7331,8362,8402,7430,8356,7336,7337,7273,8374,7264,7307,8405,8305,7284,8293,8329,7261,8283,7264,7277,8435,7302,7292,7690,8303,7264,7280
L,4,80000_FF,7335,7305,8486,7337,8403,7329,8500,8368,8376,8470,7239,8398,7235,7273,7247,8362,8345,8420,8400,7275,8429,8359,7703,8393,7243,7249,7222,8380,8373,8371
L,4,82000_FF,8385,8361,8289,9305,8340,8307,8307,8355,9313,8302,9287,8212,9279,8226,9283,9239,9285,8285,9257,9281,8258,8243,9311,9285,8229,9291,9280,9367,9305,9303
L,4,84000_FF,8424,8381,8446,9357,9366,8357,9380,9341,9338,9312,9344,8285,8305,9362,9322,9328,8297,9340,9328,8360,9368,8326,9341,8310,9327,9326,8293,8321,9322,9348
L,4,86000_FF,8931,9389,9375,8411,8403,9401,8410,9358,9388,8475,9381,8346,9408,9367,9391,9391,8318,8841,8423,9379,8341,9386,8337,9351,9397,9415,9385,9379,9367,9447
L,4,88000_FF,9577,9575,9637,9158,8857,9607,8842,8868,8847,9629,9602,9579,8765,8737,8755,9530,9557,9506,8795,9534,8752,9577,9501,9538,8776,9596,8787,8776,9544,9570
L,4,90000_FF,9565,9611,9606,8843,8820,9668,8843,9572,9628,9606,9576,8784,9583,8748,9715,8776,9574,9523,9559,9579,8792,8811,9583,9502,9509,9592,9630,9514,9534,9596
L,4,92000_FF,8849,9613,9571,8856,9614,9613,9594,8852,9665,9611,9567,9548,9571,9557,9597,8770,9525,8751,9559,8766,8798,8773,9575,8808,9559,9587,8855,9549,8768,9562
L,4,94000_FF,8972,9638,9648,8855,9626,9606,9671,9648,9692,9642,8811,8807,9602,9588,8834,9606,9599,8780,9578,9574,8804,8828,9587,9560,9610,9599,9603,9594,8813,8838
L,6,2000_FF,80,89,76,84,77,76,80,85,90,97,85,76,95,84,75,98,75,91,85,89,90,89,96,81,76,77,97,85,90,93
L,6,4000_FF,91,107,92,116,115,140,90,129,119,118,122,89,93,117,118,118,114,130,114,108,91,118,120,100,90,92,139,94,105,122
L,6,6000_FF,124,147,126,196,165,168,128,157,189,134,188,141,106,139,134,141,169,173,141,125,136,157,109,107,121,162,121,160,113,167
L,6,8000_FF,156,197,207,164,209,139,196,212,182,218,157,217,211,218,148,138,149,151,150,160,148,147,139,141,168,178,183,159,167,207
L,6,10000_FF,226,166,160,231,158,196,158,234,226,252,191,223,224,222,167,200,198,201,200,158,227,191,197,178,163,196,224,242,155,204
L,6,12000_FF,233,215,221,243,242,223,173,249,177,187,247,242,246,249,241,182,178,250,240,243,219,249,225,187,242,199,242,246,225,200
L,6,14000_FF,274,200,261,195,278,217,266,262,193,194,256,198,195,251,203,208,229,281,257,232,235,232,255,245,193,200,256,255,260,196
L,6,16000_FF,275,212,278,241,279,245,246,302,241,212,228,236,271,286,288,229,225,281,234,277,295,271,264,280,277,214,282,308,281,283
L,6,18000_FF,332,384,320,379,402,381,352,375,403,319,312,416,369,374,374,308,398,398,350,345,384,365,310,334,374,383,374,390,317,382
L,6,20000_FF,463,438,378,439,387,435,436,398,434,407,390,439,440,439,401,448,438,387,439,459,435,434,511,377,422,442,434,384,444,391
L,6,22000_FF,456,401,512,442,429,451,450,400,444,480,392,415,387,410,454,461,452,479,411,461,449,382,406,389,398,429,489,423,418,399
L,6,24000_FF,505,505,497,463,469,446,404,441,447,470,402,466,469,470,465,467,421,482,404,465,477,474,409,470,455,483,462,426,504,478
L,6,26000_FF,603,617,622,571,554,554,519,584,587,524,533,589,556,596,534,556,591,540,589,577,598,580,593,532,600,560,529,692,556,599
L,6,28000_FF,618,598,626,654,617,581,608,625,619,609,626,552,545,617,562,619,634,608,544,611,622,560,581,619,568,561,575,611,613,616
L,6,30000_FF,635,637,629,559,620,635,562,629,643,594,591,557,629,592,637,638,595,630,562,634,621,550,622,623,615,610,653,629,582,626
L,6,32000_FF,603,629,658,593,678,613,591,602,669,681,615,680,603,624,688,640,669,621,595,611,654,661,666,607,597,660,650,659,657,606
L,6,34000_FF,647,699,631,695,642,667,701,686,665,693,686,674,616,665,693,621,665,695,652,700,646,660,673,696,629,658,671,690,685,639
L,6,36000_FF,694,750,737,746,671,712,680,735,752,711,661,663,736,732,743,717,702,742,727,719,730,777,714,664,714,685,696,688,678,691
L,6,38000_FF,706,739,679,715,703,678,692,726,742,749,684,684,746,743,741,755,771,707,730,685,752,765,763,692,705,709,701,715,681,700
L,6,40000_FF,703,756,793,738,787,786,755,763,744,783,780,731,751,752,781,758,749,751,782,798,784,746,810,724,776,740,786,784,740,785
L,6,42000_FF,724,812,730,767,757,802,804,817,808,747,774,805,832,766,830,789,762,789,836,755,803,805,777,737,807,759,820,778,800,726
L,6,44000_FF,750,818,830,878,836,817,838,822,843,830,836,811,825,775,832,839,841,831,823,822,831,824,776,757,781,854,837,808,783,747
L,6,46000_FF,1390,1364,1366,1367,1439,1406,1389,1379,1440,1437,1423,1437,1427,1421,1364,1393,1508,1438,1354,1505,1381,1432,1382,1442,1355,1420,1432,1341,1506,1434
L,6,48000_FF,1433,1406,1405,1430,1427,1370,1387,1444,1410,1431,1415,1429,1393,1425,1427,1432,1419,1425,1375,1393,1374,1501,1368,1421,1437,1422,1451,1400,1431,1426
L,6,50000_FF,1483,1424,1429,1485,1434,1480,1486,1492,1487,1484,1435,1497,1399,1424,1485,1433,1425,1486,1405,1498,1413,1469,1474,1420,1481,1489,1478,1430,1477,1472
L,6,52000_FF,1450,1509,1486,1439,1502,1468,1460,1487,1543,1612,1491,1514,1440,1528,1465,1518,1538,1527,1603,1503,1454,1503,1470,1446,1524,1437,1509,1493,1524,1453
L,6,54000_FF,2413,2618,2415,2537,2420,2581,2619,2621,2422,2431,2569,2625,2571,2578,2420,2415,2433,2419,2648,2554,2582,2642,2637,2421,2546,2535,2412,2432,2575,2570
L,6,56000_FF,2637,2439,2564,2570,2429,2563,2556,2437,2442,2585,2635,2456,2436,2628,2580,2481,2435,2437,2446,2582,2644,2432,2435,2595,2441,2549,2624,2577,2429,2537
L,6,58000_FF,2640,2564,2502,2821,2576,2460,2444,2614,2449,2456,2620,2618,2573,2585,2579,2453,2622,2593,2597,2448,2628,2445,2598,2445,2449,2450,2466,2555,2442,2614
L,6,60000_FF,2645,2480,2475,2661,2591,2465,2675,2600,2670,2645,2604,2622,2462,2580,2659,2576,2611,2479,2472,2672,2590,2478,2703,2584,2666,2605,2650,2632,2649,2580
L,6,62000_FF,2754,2488,2711,2639,2479,2608,2622,2492,2472,2608,2653,2488,2660,2596,2606,2610,2487,2477,2624,2625,2478,2702,2609,2677,2699,2488,2597,2671,2618,2488
L,6,64000_FF,2652,2716,2496,2737,2507,2620,2511,2499,2556,2502,2716,2642,2618,2697,2730,2644,2728,2659,2526,2730,2666,2527,2499,2498,2504,2511,2654,2525,2644,2645
L,6,66000_FF,2529,2526,2543,2531,2704,2726,2793,2536,2521,2699,2789,2746,2770,2738,2759,2682,2680,2686,2531,2530,2652,2693,2756,2691,2741,2753,2526,2691,2681,2529
L,6,68000_FF,3231,3200,3222,3500,3578,3527,3202,3488,3216,3471,3341,3350,3201,3314,3377,3218,3188,3388,3319,3546,3410,3363,3314,3298,3222,3329,3398,3155,3328,3339
L,6,70000_FF,3252,3602,3241,3560,3569,3529,3597,3615,3612,3544,3172,3193,3194,3174,3398,3351,3175,3342,3465,3404,3342,3398,3422,3502,3378,3172,3365,3174,3409,3325
L,6,72000_FF,3702,3341,3337,3353,3698,3338,3670,3328,3658,3616,3487,3489,3277,3521,3288,3449,3451,3290,3276,3302,3440,3268,3290,3445,3438,3410,3435,3283,3445,3433
L,6,74000_FF,3679,3693,3720,3670,3714,3716,3700,3676,3390,3378,3576,3321,3399,3501,3328,3566,3481,3393,3476,3501,3319,3466,3327,3337,3587,3470,3539,3341,3571,3494
L,6,76000_FF,3370,3350,3707,3681,3758,3698,3721,3657,3719,3364,3298,3497,3552,3546,3322,3509,3304,3490,3526,3538,3510,3898,3584,3480,3305,3497,3493,3306,3504,3313
L,6,78000_FF,3796,3680,3402,3660,3754,3400,3375,3741,3681,3791,3479,3322,3599,3325,3532,3336,3330,3519,3502,3633,3565,3499,3494,3487,3475,3324,3469,3539,3324,3547
L,6,80000_FF,3713,3376,3674,3725,3684,3386,3389,3393,3412,3748,3469,3509,3337,3407,3522,3598,3541,3546,3530,3570,3400,3509,3585,3327,3510,3498,3583,3822,3551,3500
L,6,82000_FF,4295,4204,4234,3846,4270,4314,4281,4275,4217,4210,3775,3793,3936,3978,3776,3781,3985,3975,3956,3937,3774,4012,3785,3963,4039,3961,3984,4051,3984,3778
L,6,84000_FF,3841,3845,3825,4190,4211,4233,3833,3826,4254,4280,3760,3769,3772,4025,4004,4030,3759,4008,4048,3966,3793,3975,3981,4009,3991,3958,3773,3994,4268,4063
L,6,86000_FF,3847,4277,4211,4267,4184,3859,4218,4244,4236,4246,3855,4023,3776,3996,3980,4002,3980,4002,4021,3973,3773,3789,3777,4043,4024,3772,3769,4041,3879,4064
L,6,88000_FF,4048,4594,4525,4054,4548,4032,4045,4585,4546,4036,3961,4393,4438,4348,4384,3963,4402,4420,4452,3971,3955,3951,3954,4503,4386,4439,4474,3967,4485,4484
L,6,90000_FF,4053,4036,4029,4013,4535,4500,4028,4507,4524,4475,4415,4424,4389,3944,4450,4430,4441,3971,3960,3971,4494,3932,4481,4384,3961,4372,3958,4472,4051,4387
L,6,92000_FF,4569,4537,4051,4519,4565,4498,4036,4530,4048,4512,4396,3982,4503,3984,3976,3994,4460,4341,3970,4419,4472,4432,4425,4429,3970,4421,4414,4430,3977,4410
L,6,94000_FF,4624,4409,4616,4544,4605,4633,4073,4102,4597,4538,4475,4508,4466,4452,4435,3985,4398,4462,4473,4415,4445,4469,3992,4411,4087,4415,4475,3985,4000,4413
L,8,2000_FF,84,81,83,86,84,90,85,84,85,97,85,88,81,89,75,84,80,87,73,74,75,84,74,74,80,105,80,74,93,86
L,8,4000_FF,89,88,86,140,87,105,101,83,135,120,106,105,89,88,111,86,86,129,120,113,109,105,100,101,91,105,90,113,91,88
L,8,6000_FF,135,119,118,95,187,93,119,93,101,94,107,120,96,113,101,145,125,94,95,113,94,100,125,124,117,101,93,105,134,122
L,8,8000_FF,133,190,205,115,187,129,128,215,139,126,147,123,132,130,139,112,115,118,156,115,114,186,173,142,181,192,125,212,139,134
L,8,10000_FF,138,192,208,127,124,147,197,158,194,126,136,200,210,142,156,121,121,165,136,187,144,122,192,140,197,134,136,122,124,176
L,8,12000_FF,164,166,173,198,200,156,170,149,150,129,196,226,158,172,146,157,128,169,199,174,137,227,199,196,168,138,152,148,128,128
L,8,14000_FF,147,201,155,147,176,195,220,172,151,144,163,224,220,181,159,147,144,241,159,150,186,142,175,174,214,216,174,192,185,187
L,8,16000_FF,159,227,222,182,225,263,232,178,224,158,254,194,179,172,195,153,174,195,219,160,186,155,166,184,205,185,195,196,228,203
L,8,18000_FF,229,207,270,272,267,274,280,228,283,277,248,262,275,269,219,218,271,270,216,257,205,273,237,226,232,259,240,244,302,211
L,8,20000_FF,247,304,247,304,262,304,293,246,313,309,238,256,361,269,315,310,296,262,237,317,235,308,310,309,300,266,315,248,314,302
L,8,22000_FF,279,272,327,250,328,321,316,311,311,324,285,249,319,325,313,321,264,256,280,308,326,286,320,315,346,333,258,253,321,317
L,8,24000_FF,265,307,345,330,333,302,325,270,263,321,259,332,322,355,321,295,257,256,272,259,284,272,328,277,288,338,327,322,330,266
L,8,26000_FF,358,396,369,392,366,390,326,334,401,419,398,401,408,434,341,395,329,398,392,395,410,394,400,330,352,340,399,395,403,334
L,8,28000_FF,350,409,410,348,370,436,356,364,356,360,425,346,417,339,402,434,389,343,394,409,378,419,407,417,368,403,372,424,386,345
L,8,30000_FF,419,420,382,380,355,426,342,370,421,381,443,414,427,356,424,372,444,414,356,413,421,379,371,404,442,417,383,482,415,409
L,8,32000_FF,437,440,439,437,367,377,362,380,438,363,389,393,459,422,372,433,376,365,375,462,379,375,370,367,468,453,398,383,366,362
L,8,34000_FF,408,405,447,441,453,478,435,394,456,450,390,413,417,394,397,459,395,425,451,433,439,394,459,454,461,472,402,405,386,388
L,8,36000_FF,427,474,501,426,425,442,408,424,485,434,451,436,418,480,425,486,423,490,449,487,496,450,426,487,440,447,423,467,415,462
L,8,38000_FF,487,450,457,472,466,475,438,473,431,481,488,423,453,431,493,486,458,525,431,482,486,478,419,446,419,426,482,485,443,432
L,8,40000_FF,473,465,459,512,512,488,446,434,517,481,518,442,460,510,515,524,504,515,537,517,511,471,442,463,442,512,436,515,481,506
L,8,42000_FF,523,516,470,479,459,509,519,462,479,460,453,485,523,474,456,463,510,526,523,557,517,449,464,496,487,523,446,531,459,453
L,8,44000_FF,495,509,491,542,482,535,491,539,531,480,537,532,540,482,550,480,545,539,554,541,546,474,464,499,458,537,513,525,539,536
L,8,46000_FF,857,874,880,815,819,798,878,884,850,790,864,792,875,801,891,885,896,895,829,839,940,794,805,825,833,818,800,854,839,807
L,8,48000_FF,844,884,855,865,825,848,836,909,869,878,829,907,934,803,841,886,886,857,900,886,847,830,866,821,818,887,815,893,891,878
L,8,50000_FF,919,842,912,918,872,849,928,870,929,830,837,849,846,920,850,925,896,885,849,887,912,851,837,862,857,854,915,887,914,844
L,8,52000_FF,942,923,902,942,930,849,926,929,948,930,865,910,864,926,859,888,895,915,875,946,936,927,903,923,861,919,870,940,931,925
L,8,54000_FF,1355,1365,1386,1407,1327,1387,1357,1398,1378,1402,1313,1398,1408,1401,1310,1337,1384,1474,1394,1343,1372,1369,1316,1397,1395,1387,1472,1381,1347,1307
L,8,56000_FF,1470,1384,1387,1394,1382,1397,1391,1401,1376,1400,1319,1361,1460,1383,1379,1344,1397,1356,1336,1393,1396,1387,1371,1393,1357,1349,1390,1353,1386,1421
L,8,58000_FF,1409,1341,1367,1407,1403,1427,1409,1344,1342,1397,1333,1407,1661,1428,1380,1400,1365,1397,1399,1402,1405,1372,1391,1381,1668,1338,1329,1346,1325,1358
L,8,60000_FF,1416,1410,1433,1345,1407,1348,1389,1411,1421,1339,1494,1405,1416,1418,1374,1405,1404,1632,1481,1390,1416,1406,1359,1384,1378,1340,1399,1345,1370,1400
L,8,62000_FF,1503,1411,1355,1423,1460,1413,1415,1500,1388,1450,1382,1378,1338,1353,1385,1425,1418,1360,1381,1383,1410,1417,1360,1409,1391,1390,1419,1365,1377,1428
L,8,64000_FF,1520,1366,1368,1435,1403,1414,1390,1440,1387,1393,1655,1520,1437,1374,1437,1519,1417,1380,1507,1370,1369,1370,1434,1367,1424,1405,1385,1391,1432,1462
L,8,66000_FF,1412,1404,1399,1419,1473,1468,1385,1496,1434,1475,1469,1470,1559,1395,1457,1462,1550,1472,1441,1440,1399,1388,1437,1449,1453,1390,1448,1565,1472,1464
L,8,68000_FF,1806,1802,1717,1829,1807,1857,1830,1870,1774,1766,1818,1794,1795,1779,1891,1809,1833,1809,1801,1760,1783,1776,1783,1790,1815,1731,1757,1818,1799,1779
L,8,70000_FF,1816,1769,1753,1757,1756,1764,1826,1793,1749,1798,1781,1815,2143,1806,1784,1838,1819,1807,1776,1808,1802,1741,1840,1832,1821,1737,1805,1800,1830,1831
L,8,72000_FF,1815,1812,1771,2075,1794,1743,1846,1819,1761,1810,1808,1785,1820,1742,1810,1755,1809,1819,1851,1814,1848,1738,1822,1756,1756,1830,1772,1826,1817,1782
L,8,74000_FF,1980,1819,1822,1876,1890,1817,1821,1969,1911,1890,1880,1871,1885,1837,1858,1887,1833,1866,1883,1890,1977,1872,1846,1878,1955,1898,1978,1864,1872,1831
L,8,76000_FF,1899,1824,1868,1829,1890,1817,1883,1882,1818,1878,1879,1904,1881,1867,1886,1888,1806,1902,1875,1853,1890,1942,1838,1888,1828,1853,1891,1871,1927,1817
L,8,78000_FF,1878,1916,1926,1853,1908,1820,1926,1946,1891,1916,1879,1849,1960,1857,1923,1858,1863,1998,1905,1828,1854,1895,1914,1917,1928,1852,1912,1893,1905,1926
L,8,80000_FF,1834,1920,1821,1878,1919,1865,1845,1911,1917,1856,1921,1913,1877,1927,1930,1923,1890,1915,1898,1836,1946,1920,2002,1915,1890,1850,1913,1871,1918,1908
L,8,82000_FF,2369,2413,2255,2343,2245,2358,2504,2242,2468,2424,2522,2236,2420,2497,2396,2248,2377,2427,2402,2417,2238,2499,2385,2340,2396,2363,2252,2265,2338,2246
L,8,84000_FF,2401,2250,2371,2351,2395,2405,2341,2444,2249,2448,2328,2228,2353,2436,2366,2238,2432,2295,2435,2255,2239,2336,2252,2312,2254,2348,2363,2291,2298,2239
L,8,86000_FF,2245,2254,2228,2353,2279,2243,2457,2422,2399,2256,2448,2331,2438,2235,2452,2415,2478,2381,2420,2230,2487,2521,2389,2243,2389,2254,2416,2242,2238,2254
L,8,88000_FF,2519,2531,2349,2391,2369,2514,2540,2528,2349,2577,2454,2483,2467,2505,2512,2456,2356,2368,2465,2539,2523,2571,2567,2477,2350,2459,2517,2482,2349,2344
L,8,90000_FF,2394,2339,2342,2335,2342,2552,2478,2546,2368,2339,2353,2459,2325,2494,2344,2325,2344,2471,2547,2351,2573,2533,2539,2349,2458,2467,2463,2464,2544,2482
L,8,92000_FF,2360,2542,2560,2591,2590,2533,2567,2570,2355,2549,2572,2566,2514,2347,2355,2482,2349,2342,2510,2368,2355,2601,2504,2529,2357,2485,2347,2343,2566,2530
L,8,94000_FF,2528,2529,2521,2374,2383,2513,2536,2531,2497,2560,2356,2494,2578,2577,2362,2568,2418,2559,2368,2571,2530,2596,2495,2497,2600,2487,2491,2526,2551,2385
L,10,2000_FF,73,75,80,78,76,73,75,73,80,70,73,90,77,94,78,86,73,73,81,79,79,73,78,82,81,79,87,83,78,83
L,10,4000_FF,98,99,108,91,79,104,95,101,84,83,98,90,105,92,92,101,88,82,110,105,79,78,107,98,83,81,79,104,82,98
L,10,6000_FF,85,86,108,109,92,105,109,85,117,140,110,83,94,126,123,105,91,125,112,87,113,104,104,119,107,123,123,112,123,126
L,10,8000_FF,99,98,123,117,97,97,134,112,103,154,103,102,98,137,99,97,142,126,163,160,157,140,124,142,136,121,160,143,159,128
L,10,10000_FF,118,149,144,166,104,123,130,181,125,185,122,134,123,104,127,129,107,163,103,132,122,127,117,101,108,151,130,161,132,134
L,10,12000_FF,108,144,127,139,110,129,176,141,109,178,132,131,168,145,110,189,134,180,151,124,111,166,136,135,112,108,112,120,136,130
L,10,14000_FF,198,191,126,122,129,119,150,139,120,199,141,190,121,149,136,159,125,152,126,193,208,162,145,194,124,121,190,133,136,138
L,10,16000_FF,214,134,192,121,141,124,199,123,146,192,142,145,155,197,180,157,140,191,190,149,128,193,148,202,122,137,192,137,128,143
L,10,18000_FF,230,155,166,164,180,180,235,225,233,197,186,234,223,198,225,224,207,206,195,195,233,207,179,234,164,226,186,224,155,225
L,10,20000_FF,200,250,198,245,233,243,232,185,252,226,181,278,237,185,245,216,206,220,233,217,179,220,278,248,233,255,210,235,177,278
L,10,22000_FF,183,183,183,185,184,183,253,256,181,241,180,249,260,206,235,195,200,249,251,188,180,185,249,259,234,255,240,251,227,240
L,10,24000_FF,199,212,201,250,188,195,261,234,196,215,256,234,267,263,270,193,265,262,264,248,234,217,196,264,227,260,256,210,266,204
L,10,26000_FF,326,244,233,257,302,297,345,300,233,246,247,275,318,307,311,297,305,311,305,298,255,303,301,287,260,333,287,242,296,276
L,10,28000_FF,252,338,253,306,260,244,255,242,307,279,339,240,245,315,267,251,276,241,317,318,252,260,277,330,330,315,311,305,308,353
L,10,30000_FF,258,295,334,270,313,325,312,253,272,322,259,310,249,300,273,316,342,318,254,341,313,271,253,262,262,323,269,279,313,262
L,10,32000_FF,391,273,326,330,326,309,321,261,264,329,330,289,324,264,329,279,295,335,334,324,284,262,333,347,278,328,269,336,329,259
L,10,34000_FF,342,278,279,282,382,283,349,291,282,287,284,273,281,274,277,282,342,339,338,273,344,330,293,347,346,372,348,303,272,268
L,10,36000_FF,356,329,356,366,315,295,363,346,392,305,359,360,312,293,298,362,322,318,317,363,342,338,331,354,294,344,311,297,292,306
L,10,38000_FF,315,311,371,362,357,302,374,306,356,305,369,297,293,302,383,336,371,364,373,350,357,363,317,308,341,361,296,445,367,287
L,10,40000_FF,394,297,304,396,314,309,317,363,342,323,307,309,361,382,400,368,364,332,324,368,307,386,368,322,373,330,296,303,310,369
L,10,42000_FF,328,407,351,382,386,379,363,324,376,313,378,388,389,415,387,321,329,408,329,349,388,378,396,380,378,382,328,327,341,391
L,10,44000_FF,423,394,392,401,334,374,335,328,393,326,365,334,408,346,344,350,405,393,425,354,420,408,392,409,381,399,332,332,387,374
L,10,46000_FF,638,562,546,591,619,640,592,562,559,613,565,557,614,576,628,615,570,614,583,614,597,638,624,613,640,605,566,599,591,562
L,10,48000_FF,631,621,556,615,561,651,625,593,554,585,624,550,580,642,625,604,617,555,554,602,546,617,609,623,576,552,585,615,631,562
L,10,50000_FF,643,591,582,644,588,647,644,596,635,574,649,621,590,640,596,637,635,642,646,591,639,592,580,634,613,584,582,643,594,630
L,10,52000_FF,655,608,616,654,595,600,630,657,652,586,646,622,595,631,627,617,656,683,591,657,597,600,597,673,620,653,650,648,576,591
L,10,54000_FF,969,909,884,886,940,901,906,948,960,918,904,909,960,966,921,970,969,944,938,891,900,956,881,973,958,912,978,933,948,897
L,10,56000_FF,911,880,892,928,897,959,918,889,958,961,959,985,884,907,919,956,954,890,901,976,907,879,887,927,904,976,964,917,954,950
L,10,58000_FF,897,976,953,962,894,910,960,916,953,906,953,891,987,931,922,899,927,972,970,961,902,982,903,964,958,909,901,933,924,950
L,10,60000_FF,965,889,976,937,976,914,983,931,968,954,911,897,926,977,969,909,930,925,963,963,904,947,967,941,967,983,932,962,927,980
L,10,62000_FF,953,898,903,920,947,954,933,911,983,977,957,971,1008,979,976,943,928,956,974,914,995,973,889,980,1007,951,976,981,971,889
L,10,64000_FF,984,990,928,947,930,1014,927,999,993,969,993,971,1002,961,960,992,1001,1012,997,994,963,992,932,953,950,1014,999,987,978,916
L,10,66000_FF,964,944,1006,945,949,1013,1018,943,963,978,952,1008,976,1015,947,998,964,990,982,993,956,986,937,1005,994,974,1008,1000,978,1011
L,10,68000_FF,1194,1235,1205,1134,1166,1210,1197,1147,1198,1221,1145,1224,1193,1227,1187,1222,1180,1211,1227,1213,1182,1171,1207,1221,1216,1217,1158,1204,1188,1211
L,10,70000_FF,1192,1297,1158,1190,1221,1172,1173,1158,1166,1201,1168,1206,1233,1190,1179,1230,1197,1232,1219,1177,1164,1184,1158,1234,1182,1241,1222,1202,1172,1242
L,10,72000_FF,1245,1326,1176,1250,1204,1197,1242,1211,1251,1174,1210,1169,1250,1261,1180,1184,1170,1212,1270,1231,1207,1215,1177,1228,1242,1197,1173,1225,1222,1203
L,10,74000_FF,1273,1298,1293,1223,1257,1223,1291,1207,1206,1280,1272,1197,1255,1357,1241,1330,1234,1283,1291,1258,1214,1242,1224,1291,1265,1284,1354,1264,1290,1360
L,10,76000_FF,1273,1189,1282,1252,1224,1213,1341,1196,1338,1256,1227,1275,1222,1263,1210,1198,1277,1250,1255,1282,1210,1261,1185,1203,1281,1227,1283,1210,1280,1333
L,10,78000_FF,1193,1279,1225,1230,1232,1214,1292,1258,1259,1223,1198,1193,1340,1245,1189,1208,1241,1192,1295,1263,1232,1244,1193,1225,1280,1237,1296,1240,1243,1277
L,10,80000_FF,1392,1436,1365,1363,1423,1422,1386,1370,1352,1429,1385,1355,1398,1377,1635,1424,1406,1430,1430,1426,1376,1366,1422,1388,1430,1428,1419,1420,1383,1489
L,10,82000_FF,1369,1352,1514,1441,1365,1392,1380,1438,1395,1440,1386,1394,1401,1406,1443,1398,1396,1515,1371,1438,1518,1454,1403,1423,1461,1450,1441,1447,1472,1354
L,10,84000_FF,1437,1413,1374,1409,1366,1439,1377,1429,1357,1387,1396,1442,1399,1392,1524,1390,1433,1407,1378,1362,1403,1438,1429,1428,1440,1507,1404,1514,1442,1381
L,10,86000_FF,1465,1396,1413,1460,1452,1437,1380,1382,1448,1466,1412,1368,1382,1434,1480,1388,1398,1444,1449,1370,1456,1371,1406,1415,1467,1451,1427,1434,1437,1530
L,10,88000_FF,1484,1431,1518,1427,1430,1493,1430,1513,1521,1463,1424,1600,1512,1501,1519,1485,1505,1504,1448,1427,1517,1508,1517,1475,1497,1476,1489,1505,1505,1443
L,10,90000_FF,1501,1434,1494,1424,1427,1514,1507,1453,1474,1493,1503,1417,1475,1527,1493,1481,1455,1508,1477,1418,1448,1423,1515,1594,1440,1433,1460,1470,1467,1510
L,10,92000_FF,1505,1450,1449,1433,1503,1776,1529,1461,1494,1496,1484,1428,1759,1509,1523,1547,1490,1486,1516,1490,1444,1432,1477,1502,1434,1435,1454,1486,1496,1513
L,10,94000_FF,1471,1449,1514,1478,1431,1478,1510,1507,1513,1485,1494,1523,1474,1515,1489,1449,1475,1511,1503,1471,1522,1513,1543,1505,1524,1433,1550,1530,1527,1448
W,2,2000_FF,225,265,223,223,192,243,211,230,237,240,217,238,221,267,220,210,221,230,256,290,250,281,238,201,224,219,191,233,230,237
W,2,4000_FF,423,396,425,381,380,421,351,418,442,427,353,337,413,365,387,381,356,393,384,392,401,396,421,378,351,408,386,444,346,394
W,2,6000_FF,541,578,549,580,586,608,546,530,577,538,529,680,517,574,600,551,530,558,544,562,565,520,580,658,540,559,603,601,557,586
W,2,8000_FF,1022,948,923,880,857,979,865,952,880,884,906,953,961,945,882,1062,921,1020,925,884,854,930,893,1064,952,870,998,1056,929,898
W,2,10000_FF,1205,1116,1078,1091,1025,1143,1102,1139,1086,1091,1178,1015,1096,1066,1093,1099,1174,1153,1065,1143,990,1074,983,1099,1164,1138,1185,1007,1146,1065
W,2,12000_FF,1343,1276,1347,1381,1203,1476,1257,1240,1274,1339,1331,1177,1323,1354,1268,1256,1324,1241,1271,1239,1241,1234,1208,1241,1241,1250,1291,1362,1362,1582
W,2,14000_FF,1488,1518,1601,1397,1427,1570,1463,1558,1439,1372,1373,1423,1472,1678,1484,1469,1405,1548,1356,1361,1483,1483,1403,1450,1480,1476,1432,1414,1375,1755
W,2,16000_FF,1649,1633,1744,1692,1601,1649,1595,1605,1623,1701,1598,1576,1731,1765,1622,1578,1701,1584,1685,1507,1623,1612,1636,1546,1609,1809,1597,1744,1667,1700
W,2,18000_FF,2836,2695,2579,2588,2595,2802,2749,2759,2525,2537,2515,2574,2486,2540,2715,2734,2532,2708,2541,2537,2523,2565,2560,2600,2683,2695,2713,2533,2481,2609
W,2,20000_FF,3263,3191,3313,3362,3082,3142,3194,3152,3248,3134,3194,3149,3301,3396,3116,3122,3376,3247,3177,3133,3250,3090,3252,3076,3080,3623,3147,3318,3174,3416
W,2,22000_FF,3249,3332,3330,3515,3200,3323,3312,3294,3324,3310,3328,3278,3561,3540,3251,3772,3578,3294,3455,3303,3241,3257,3386,3210,3261,3391,3529,3537,3380,3533
W,2,24000_FF,3679,3634,3451,3420,3542,4049,3695,3647,3400,3330,3338,3405,3449,3493,3668,3695,3385,3662,3495,3387,3420,3405,3489,3508,3644,3651,3343,3387,3370,3499
W,2,26000_FF,4775,4575,5219,5047,4768,4847,4727,4584,4692,4798,4699,4672,4917,4935,4508,4981,4959,4671,4515,4566,4745,4488,4553,4588,4626,4636,4875,4848,4699,4980
W,2,28000_FF,5195,5177,5079,4790,4691,4795,5136,5153,5324,4688,4757,4680,4685,4732,5095,4780,4853,5164,4626,4654,4594,4908,4708,4846,5146,5114,4930,4728,4672,4811
W,2,30000_FF,5123,4988,5300,5368,5042,5374,5381,5021,5021,5048,4922,5038,5349,5368,4969,5407,5298,5015,5179,5040,4899,5033,5063,5479,5057,4988,5053,5355,5206,5499
W,2,32000_FF,5652,5604,5234,5228,5196,5374,5332,5510,5148,5708,5163,5512,5288,5214,5665,5296,5259,5711,5150,5143,5440,5376,5187,5342,5210,5718,5693,5266,5192,5233
W,2,34000_FF,5715,5589,5894,5943,5692,6138,5506,5502,5471,5704,5418,5488,6006,5859,5429,5640,5914,5548,5416,5575,5445,5471,5680,5472,5876,5544,5638,5785,5676,5999
W,2,36000_FF,6076,6507,6165,6457,6083,5993,6233,6480,5941,5933,6231,6049,5972,5953,6549,6063,6294,6485,5883,5948,6160,5999,5906,6080,6436,6398,6374,5968,5915,5932
W,2,38000_FF,6658,6056,6563,6034,6082,6617,6071,6125,6149,6176,5968,6185,6573,6545,6472,6190,6110,6094,6177,6254,5969,5964,6153,5921,6139,6067,6000,6051,6210,6520
W,2,40000_FF,6626,6897,6400,6922,6519,6450,6675,6596,6280,6325,6560,6373,6946,6473,6366,6427,6983,6931,6345,6323,6557,6346,6437,6310,6975,6884,6878,6825,6400,6298
W,2,42000_FF,6611,7035,6546,6783,6765,6571,7175,6696,6474,6466,6403,6500,7149,6595,6596,6676,7097,7169,6488,6817,6712,6526,6498,6887,7147,7204,7168,7069,6450,6630
W,2,44000_FF,7825,7083,7527,7290,6959,7596,7091,7681,7140,7064,6957,7273,7052,7586,7593,7585,7095,8148,7066,6847,6994,7282,7198,6931,7080,7468,7959,7078,7199,7544
W,2,46000_FF,13099,12728,12858,12466,13081,12919,13549,12837,13961,13182,13155,12538,13823,12652,12634,12789,13779,13556,12538,13827,12704,12567,12431,13155,13737,12955,13687,13793,12532,13860
W,2,48000_FF,14267,14097,13485,12680,14064,13003,13059,13960,13165,12796,12760,13007,12874,14151,14067,14120,13167,13187,13268,12871,12559,13382,13232,12998,13201,13781,13139,13146,13258,12997
W,2,50000_FF,15422,13406,13427,13598,13531,14603,14347,13429,13734,13569,13579,13811,14452,14381,13139,13429,14735,13545,13134,12957,13582,13109,13598,13106,14236,13453,14424,14464,13184,14431
W,2,52000_FF,14882,14228,13743,13427,13509,13648,13584,14535,13480,13546,13428,14100,13565,13588,14835,13828,13724,14742,13983,13358,13417,13591,13495,14061,13728,14603,14616,14825,13363,13640
W,2,54000_FF,30370,29420,31541,30736,29028,31486,32381,29690,30048,30032,30085,28960,31967,32256,29151,31371,31682,29740,29962,30016,29064,30125,28723,30489,31431,29761,31694,31595,30027,32026
W,2,56000_FF,32165,31905,29885,28761,30506,30033,31787,29882,29379,29376,28872,31103,29573,29810,29476,30092,30042,32087,29461,29817,30337,29226,30549,30248,31456,31843,31819,30059,29401,29560
W,2,58000_FF,29567,30278,30786,28501,29708,30728,28941,28501,29415,28157,28186,28687,28178,31112,30242,31123,31265,28986,29440,27915,27900,29608,28312,28251,29037,30510,28878,30472,29414,31425
W,2,60000_FF,32401,30015,29973,30511,30268,30185,32011,31882,28967,30676,30617,32339,31754,32248,29436,30340,30172,29805,30307,28965,29531,29589,29842,29358,32060,30211,29777,30312,31927,29690
W,2,62000_FF,30600,30032,31626,29501,29728,30005,30325,32126,29073,29161,30586,29871,32534,31599,29698,32250,29907,30027,29682,31060,30599,29420,29615,31447,32039,32088,30070,30155,30404,29677
W,2,64000_FF,33273,32631,30870,30275,31340,32939,33004,31986,31246,30518,30707,33123,33259,30532,30180,31358,30835,33244,31326,31366,30001,31598,31000,30467,32653,32451,32830,30917,30426,33539
W,2,66000_FF,31067,33361,32813,31352,32749,31794,30680,30725,29957,29992,30411,30543,30529,32375,31060,32881,33031,32711,30032,31225,29590,31690,31339,29607,31071,32389,30791,32565,31178,32887
W,2,68000_FF,38774,35987,38491,35151,35010,36002,38505,38592,36599,36555,35023,38627,39141,38342,35182,38613,36098,36052,37077,36177,35416,35151,34938,36709,38323,36070,39413,36088,36523,35651
W,2,70000_FF,38005,38345,39582,35120,34513,38645,37963,38770,36936,38298,34959,35634,35571,35484,36646,36237,35682,38715,35904,35420,36628,35491,35697,36530,36026,38461,38133,38419,36195,39314
W,2,72000_FF,38940,40889,41186,38891,37813,38742,41174,38128,37656,37656,39261,41402,37850,41804,38506,40376,41413,39026,38217,39148,39156,37675,37996,37910,41254,40866,38960,40871,38165,40258
W,2,74000_FF,43686,43853,46086,43164,44784,46512,44223,46656,42188,43596,43105,47024,47405,46201,43109,46339,43919,45995,42577,44137,42978,46214,44551,42657,46156,46187,47128,43505,44699,43497
W,2,76000_FF,48563,47900,45296,45733,43498,45163,44744,45972,46471,44331,43669,47880,44462,47840,45784,45226,45051,45066,43096,44542,44729,43822,44788,43878,47588,45667,48074,44113,45336,48692
W,2,78000_FF,47605,47493,48585,45156,44312,47572,48142,45459,43777,45717,43962,44611,44121,44820,45397,48151,48473,44835,45024,45799,45051,46455,46050,44956,45792,44927,45545,45598,44570,48283
W,2,80000_FF,39638,37772,39966,37028,36481,37798,39939,40153,35938,36058,36834,36806,40695,36705,36760,40185,37830,40160,38251,37627,36835,36167,37140,40092,40395,40206,37519,38860,36454,37020
W,2,82000_FF,49500,46805,49687,48240,45731,46796,50340,47581,47255,47433,46697,46497,46911,46472,45924,50436,47139,50374,46195,46414,47780,46675,47764,49574,47573,47315,47095,45692,48108,46361
W,2,84000_FF,55900,57952,57739,53999,55854,58960,55119,59059,54205,53310,54416,59191,59669,53574,53018,59186,57762,57028,56008,54004,53187,54029,54100,58337,59108,59009,54988,56570,56148,54365
W,2,86000_FF,57073,60369,57835,57968,54588,58038,57010,59449,55310,58388,58655,61179,60711,62192,56286,57083,60671,59784,57743,55008,58938,58111,55653,57488,57242,57493,59223,55353,57449,62079
W,2,88000_FF,68820,67472,63085,63740,65130,67949,68682,64746,65334,64897,61279,63303,68247,68790,62118,67311,64623,64713,62500,61852,64372,64076,65014,65376,68243,64509,67002,64839,64661,68663
W,2,90000_FF,71942,70743,72523,66266,64892,68063,74160,67621,67630,65528,69225,66004,72262,66826,68814,68519,67677,72104,64722,65287,66351,65935,68244,67452,71811,72107,68141,67551,66332,67015
W,2,92000_FF,74993,77244,78485,71094,74904,78853,76699,78526,74213,72835,74492,71038,72727,72738,74756,79251,78643,75695,74421,75517,71132,70600,74720,73128,78625,75888,75978,72490,71423,72788
W,2,94000_FF,74134,81925,77570,74653,80075,83831,82193,81340,74751,78028,76392,82291,74566,76444,77450,84133,79508,81350,75561,77912,74707,74609,81517,82138,77092,80894,77975,74070,74156,76485
W,4,2000_FF,184,156,175,252,166,231,173,246,177,176,175,172,180,301,181,254,180,175,157,156,194,237,190,186,174,157,154,173,256,242
W,4,4000_FF,250,224,220,222,255,237,236,226,217,225,218,261,229,259,228,243,321,248,232,270,244,220,185,228,196,244,262,197,260,222
W,4,6000_FF,291,283,294,270,261,289,287,281,283,297,276,294,294,284,300,281,300,272,259,249,297,240,292,255,290,259,316,288,313,276
W,4,8000_FF,385,379,392,417,340,373,394,399,395,423,403,388,400,428,503,331,424,365,342,352,384,411,395,431,381,406,337,347,425,367
W,4,10000_FF,524,449,454,469,376,396,454,444,431,437,447,377,451,471,405,448,373,462,461,396,460,450,554,422,442,422,452,454,429,436
W,4,12000_FF,509,466,503,487,485,514,478,509,473,458,498,460,466,443,475,508,503,480,409,417,544,468,430,481,485,503,485,419,533,428
W,4,14000_FF,488,574,553,583,550,570,523,543,541,510,544,555,552,544,561,568,558,550,555,515,546,475,465,473,522,554,482,519,652,532
W,4,16000_FF,541,600,584,596,579,607,606,589,564,506,611,557,605,626,522,532,548,533,633,704,639,597,616,511,558,555,607,541,628,528
W,4,18000_FF,929,855,837,837,846,848,820,808,821,903,797,883,827,837,871,782,960,797,785,934,782,865,839,816,874,844,848,848,864,807
W,4,20000_FF,1067,1025,995,1058,998,1040,1013,1028,1012,1025,1051,968,909,980,936,894,917,921,948,953,996,987,1020,967,944,948,991,1022,928,910
W,4,22000_FF,1152,1035,1018,1117,1058,1162,1057,1075,1049,994,1036,1010,1043,1007,956,1048,1024,959,1013,1048,1029,1026,1083,1062,1008,1013,1051,1085,1049,980
W,4,24000_FF,1104,1119,1100,1042,1115,1008,1054,1068,1157,1082,1048,1145,1096,1091,1012,975,1104,1002,972,1077,1032,1163,1094,1070,1015,1053,1053,985,1023,1126
W,4,26000_FF,1401,1353,1385,1517,1393,1467,1474,1415,1359,1413,1475,1359,1416,1331,1292,1430,1416,1361,1323,1386,1378,1367,1271,1421,1383,1380,1375,1411,1291,1380
W,4,28000_FF,1595,1507,1503,1410,1485,1451,1425,1441,1495,1481,1457,1506,1532,1496,1440,1324,1407,1365,1325,1452,1413,1499,1369,1482,1419,1333,1312,1434,1409,1384
W,4,30000_FF,1508,1531,1420,1528,1437,1535,1557,1548,1498,1497,1496,1449,1469,1436,1355,1469,1477,1448,1514,1353,1527,1371,1511,1539,1419,1479,1468,1404,1423,1489
W,4,32000_FF,1688,1594,1613,1492,1711,1498,1454,1543,1633,1610,1484,1672,1576,1562,1595,1429,1476,1639,1496,1489,1463,1662,1556,1669,1499,1443,1512,1570,1436,1465
W,4,34000_FF,1798,1645,1656,1693,1703,1711,1727,1697,1629,1611,1730,1652,1557,1645,1621,1642,1658,1666,1619,1842,1624,1522,1643,1615,1534,1696,1618,1602,1631,1683
W,4,36000_FF,2074,1900,1838,1801,1776,1728,1709,1776,1706,1848,1702,1860,1919,1866,1725,1672,1725,1722,1739,1831,1802,1793,1817,1666,1774,1832,1699,1806,1813,1674
W,4,38000_FF,1914,1732,1702,1852,1870,1874,1955,1886,1878,1724,1883,1749,1715,1755,1740,1718,1776,1792,1754,1659,1679,1794,1769,1797,1710,1899,1840,1732,1705,1741
W,4,40000_FF,1895,2014,2017,1917,1856,1970,1983,1834,1885,1989,1831,1995,1859,2013,1877,1851,1850,1754,1793,1845,1944,1835,1857,1798,1928,1912,2002,1839,1886,1814
W,4,42000_FF,2223,2058,2043,1849,1902,1854,1978,1866,1988,2057,1954,2092,1924,2098,1924,1809,1867,1874,1984,1906,1905,1944,1952,1877,1943,1934,1965,1846,1844,1830
W,4,44000_FF,2275,1998,1926,2100,2111,2144,1968,2132,2185,2041,2124,1987,2056,1954,1912,2023,2060,2028,2058,1896,1917,2079,1964,2045,1931,1944,1958,2053,2039,2078
W,4,46000_FF,3839,3792,3721,3441,3472,3490,3807,3406,3444,3667,3437,3689,3425,3717,3548,3387,3408,3344,3364,3379,3692,3446,3472,3425,3461,3509,3383,3381,3399,3343
W,4,48000_FF,4032,3428,3431,3717,3824,3745,3830,3745,3724,3508,3740,3388,3774,3486,3367,3535,3413,3572,3545,3608,3433,3395,3381,3527,3397,3515,3361,3527,3639,3599
W,4,50000_FF,3904,3928,3948,3652,3557,3529,3612,3792,3547,3956,3606,3847,3563,4006,3730,3554,3700,3533,3570,3496,3534,3645,3595,3532,3719,3527,3530,3501,3603,3518
W,4,52000_FF,3617,3680,3727,4001,3929,4015,3984,3656,3989,3752,3999,4007,4035,3749,3637,3710,3577,3724,3725,3670,3783,3630,3655,3827,3596,3804,3856,3652,3673,3828
W,4,54000_FF,6373,6118,6278,5753,5753,5735,5795,6183,5647,6241,5828,5795,6297,6238,5926,5603,5775,5906,5661,5969,5563,5870,5860,5562,6039,5725,6042,5839,5917,5891
W,4,56000_FF,5770,5722,5683,6181,6247,6243,6279,5696,6225,5797,6286,6000,5816,5745,5689,5661,5655,5716,5816,5802,5968,5716,5568,5980,5682,5822,5946,5800,5619,5989
W,4,58000_FF,6049,6287,6227,5715,5775,5784,5829,6279,5752,6252,5758,5830,6376,6427,5926,6068,5813,5602,5656,5913,5933,5713,5906,5804,6027,5731,5664,5987,5931,5956
W,4,60000_FF,5864,5759,5860,6388,6071,6345,6413,5885,6375,5831,6248,6392,5847,5864,6275,5735,5725,6102,6006,5764,5986,5955,5749,5980,5760,5974,6011,5732,5732,5708
W,4,62000_FF,5989,5873,5934,6469,6499,6443,6372,5952,6264,5832,5984,6492,5947,6004,5913,5947,5852,6020,6114,6074,6240,6044,5832,6174,6042,6006,5855,5846,5833,6271
W,4,64000_FF,6567,6546,6545,5955,5936,5945,5940,6560,5967,6532,6575,5948,6635,6558,5881,6118,6179,5872,5812,5899,5880,6057,6147,5935,6134,6166,5873,6133,5919,5844
W,4,66000_FF,6086,6032,6131,6602,6621,6640,6540,6050,6622,5974,6017,6687,6069,6019,6342,6796,5998,6242,6254,5958,6348,6184,5938,6198,6188,5862,6252,6338,6216,6218
W,4,68000_FF,8285,8276,8244,7542,7472,8248,7587,8220,7527,8248,8279,7434,8250,8107,7410,7681,7870,7460,7455,7870,7475,7426,7744,7723,7476,7889,7959,7447,7720,7554
W,4,70000_FF,7716,7558,7559,8357,8361,7651,8329,7602,8282,8270,7523,8271,7599,7838,7808,7505,7526,7722,7493,7672,7849,7672,7475,7526,7809,7484,7419,7902,7512,7636
W,4,72000_FF,7790,8577,8566,7898,7839,8503,7787,8257,7845,7756,8619,7769,8574,7667,7624,7581,7684,7745,8101,8106,7604,8230,7863,7618,7650,7717,8157,8042,8070,7683
W,4,74000_FF,8666,7990,7859,8615,7929,7945,8639,7886,8561,8669,8271,8706,7945,8258,7962,7747,8217,7815,7794,8069,8190,7890,8096,8078,7933,7943,7753,8162,7776,8027
W,4,76000_FF,7944,8344,8648,7913,8619,8344,7879,8527,8660,7887,9123,7865,8243,7696,7792,8136,7803,8045,8153,8172,7684,8156,7758,8147,8169,8183,8210,7790,8142,8159
W,4,78000_FF,8558,7980,7853,8673,7825,7921,8678,7886,7890,8595,8123,8599,7843,8180,8192,7763,8175,8156,7926,7701,8234,7835,8121,7772,7854,7778,8153,8080,7729,7936
W,4,80000_FF,8039,8666,8640,7892,8624,8641,7878,8629,8586,7983,9174,8467,8622,8195,7878,8044,7783,8119,8185,7962,7765,7744,7755,8193,7896,8306,8048,7823,8107,7908
W,4,82000_FF,9081,9874,9852,9083,9806,9864,9046,9099,9746,9004,10456,8970,9904,9206,8952,9222,8927,8966,9333,9314,8985,9290,8890,8760,8910,8829,9158,8882,8899,8886
W,4,84000_FF,9979,9022,9044,9895,10025,9053,9667,9898,9079,9928,9389,9875,9305,8964,9075,9342,9299,9324,8899,9325,9304,8983,9381,9390,9341,8941,9424,8954,9238,9290
W,4,86000_FF,9098,9975,9940,9166,8950,9974,9877,9114,9969,9150,9073,9074,9209,9185,10157,9510,9429,9021,9400,8994,8942,9364,10218,8926,8976,9366,8970,9045,8914,9004
W,4,88000_FF,10584,9533,9505,10393,10427,9566,9496,10430,9618,10445,10455,10551,9598,9509,9838,9963,9371,9467,9507,9852,9766,9476,9775,9894,9446,9354,9377,9865,9819,9465
W,4,90000_FF,9578,9502,10368,9532,9521,10459,10339,9709,10290,9475,9582,9478,9456,9790,9832,9325,9380,9964,9931,9774,9422,9771,9641,9357,9739,9868,9755,9365,9791,9716
W,4,92000_FF,10486,10530,9587,10015,10278,10605,9513,10482,9565,9647,10130,10592,10450,9426,9436,9932,9858,9585,9477,9461,9696,9501,9799,9850,9925,9525,10655,9920,9986,9967
W,4,94000_FF,9762,9578,10413,9621,9667,10466,10525,9543,10514,10507,9648,9587,9559,9425,9944,9474,9460,9873,9492,9731,9425,9915,9530,9973,9439,9800,9699,9561,9494,9548
W,6,2000_FF,145,165,166,183,183,232,219,176,211,195,190,156,198,279,173,238,159,248,249,162,213,254,177,178,190,164,159,181,168,185
W,6,4000_FF,194,202,176,194,215,173,187,187,171,181,185,231,199,253,173,199,228,196,183,199,217,205,195,210,219,184,313,181,216,178
W,6,6000_FF,231,216,203,224,218,220,196,198,229,205,213,239,220,219,221,234,232,239,206,246,234,210,244,231,198,219,223,242,235,240
W,6,8000_FF,268,272,278,259,283,257,260,259,272,265,279,268,360,262,269,273,269,280,268,233,278,226,250,369,265,256,296,314,272,270
W,6,10000_FF,359,292,295,307,296,256,285,309,294,243,305,293,291,306,302,279,312,298,296,299,300,280,319,279,265,260,307,319,311,331
W,6,12000_FF,333,309,346,316,354,329,334,345,324,309,426,334,348,344,322,318,316,308,325,337,338,322,290,344,338,348,330,341,338,314
W,6,14000_FF,324,367,335,358,337,352,373,335,384,361,362,352,358,331,348,331,360,354,351,348,340,318,368,347,303,292,350,338,303,307
W,6,16000_FF,365,379,370,355,408,356,363,375,398,440,368,345,355,381,413,407,364,393,390,383,394,360,338,372,401,360,407,385,433,346
W,6,18000_FF,568,579,556,487,498,529,538,512,473,486,429,463,500,471,503,494,535,505,566,456,480,480,538,444,500,513,517,468,535,477
W,6,20000_FF,614,545,568,587,592,567,533,659,597,545,598,570,589,607,610,568,533,566,523,695,599,623,561,582,558,609,555,519,503,509
W,6,22000_FF,618,579,631,574,617,569,590,559,579,594,635,615,580,608,644,630,602,584,525,600,606,634,604,514,632,633,535,566,540,537
W,6,24000_FF,577,676,617,631,573,686,623,639,595,625,571,681,578,603,591,556,604,630,660,578,683,606,745,569,649,615,587,544,571,616
W,6,26000_FF,823,739,769,705,802,738,740,760,720,750,789,782,752,832,811,771,743,728,731,767,738,785,688,751,701,760,803,738,715,764
W,6,28000_FF,802,852,776,831,799,789,822,762,775,827,753,745,832,741,805,774,761,790,811,810,774,757,729,708,787,712,839,706,808,790
W,6,30000_FF,799,772,818,828,806,755,784,783,840,729,799,858,794,845,889,812,801,838,730,828,808,716,779,838,739,835,780,787,761,806
W,6,32000_FF,793,880,881,870,887,892,868,823,826,914,821,836,856,781,822,922,1187,823,854,838,835,933,799,951,769,819,807,908,874,825
W,6,34000_FF,901,849,934,1020,905,873,892,955,915,1006,874,876,881,946,881,899,869,902,892,917,903,844,888,894,941,792,900,813,847,1095
W,6,36000_FF,949,991,973,977,984,913,1034,917,1055,961,901,1041,989,927,930,900,964,947,948,916,913,1004,908,921,932,933,829,973,886,957
W,6,38000_FF,1059,1060,1023,968,903,909,925,971,991,889,962,957,898,943,997,1031,939,899,977,1021,978,906,1024,907,902,908,986,870,867,855
W,6,40000_FF,1094,1011,968,971,1034,1034,1025,962,943,1106,966,963,1045,964,933,1016,1102,1020,952,958,938,994,1032,963,976,977,965,1057,1013,1046
W,6,42000_FF,972,994,1026,981,1069,1066,1074,1011,995,1084,975,1009,1104,976,1122,1086,1179,986,955,981,1159,1053,1043,921,1025,985,1046,1057,1053,1012
W,6,44000_FF,1113,1094,1078,1095,1024,1016,994,1080,1074,995,1122,1094,1014,1051,1095,1047,1028,1113,1058,1076,1078,1060,1046,1059,1017,1088,1061,1011,942,970
W,6,46000_FF,1709,1945,1708,1710,1875,1850,1759,1720,1705,1703,1788,1676,1776,1741,1655,1807,1794,1785,1721,1746,1905,1808,1682,1781,1729,1631,1638,1742,1771,1780
W,6,48000_FF,1823,1851,1843,1823,1703,1738,1711,1861,1847,1716,1799,1890,1862,1830,1802,1727,1802,1691,1815,1837,1820,1718,1697,1712,1670,1706,1788,1641,1732,1744
W,6,50000_FF,1751,2010,1774,1766,1905,1914,1947,1769,1779,1964,1996,1754,1759,2054,1777,1939,1899,1912,1754,1796,1818,1907,1888,1775,1795,1803,1667,1778,1789,1781
W,6,52000_FF,1905,1917,1979,1992,1818,1785,1813,1929,1893,1914,1923,1898,2022,1937,1896,1803,2083,1854,1948,1936,1934,1766,1906,1862,1800,1822,1829,1790,1851,1764
W,6,54000_FF,3026,2744,2794,2750,2986,2929,2967,2724,2743,2794,2829,2721,2746,2748,2806,2961,2945,2978,2896,2775,2770,3000,2974,2735,2755,2668,2806,2681,2791,2870
W,6,56000_FF,2739,2925,2952,2931,2740,2752,2928,2949,2962,2908,2955,2925,2932,3021,3000,2743,2739,2764,2986,2999,2900,3078,2759,2713,2887,2797,2744,2860,2671,2692
W,6,58000_FF,3093,2787,2733,3229,3046,2998,2774,2769,2760,2900,2777,2716,3212,3022,2744,2946,2976,2906,2678,2764,2879,2950,2686,2825,2663,2681,2857,2892,2865,2638
W,6,60000_FF,2823,2987,3066,2825,2789,2832,2971,2924,3001,3108,2930,3011,2991,2934,3042,2805,2794,2801,2941,3004,2783,2843,2861,2708,2876,2854,2685,2878,2724,2857
W,6,62000_FF,3089,3034,2854,2860,2888,2846,3072,3141,3080,2983,3130,3038,3028,3054,3053,3313,2839,3027,3064,3099,2813,2851,2903,3027,2792,2928,2843,2747,2956,2909
W,6,64000_FF,2854,2831,2870,3112,3037,3045,2872,2875,3012,2865,2881,2882,2880,2835,2952,3065,3039,2868,2883,2827,3066,3044,2823,2861,2967,2884,2973,2878,2918,2742
W,6,66000_FF,3154,3104,3137,2864,2916,2901,3048,3113,3140,3047,3151,3176,3031,2932,2877,2910,3019,3098,3139,3052,2927,3309,2966,2967,2817,2792,3169,3295,2866,2906
W,6,68000_FF,3602,3584,3614,3901,3857,3841,3677,3633,4085,3587,3597,3546,3604,3855,3764,3818,3877,4083,3606,3594,3810,3731,3578,3656,3533,3644,3467,3710,3682,3477
W,6,70000_FF,3792,3939,3731,3649,3587,3620,3889,3881,3861,3905,3886,3666,3878,3702,3617,3599,3656,3803,3761,3891,3599,4123,3670,3725,3789,3494,3511,3510,3536,3659
W,6,72000_FF,3748,3717,3749,4047,3897,3997,3700,3754,4069,3755,3667,3980,4281,4005,4006,3991,3967,3721,3712,3731,3961,4115,3685,3605,3587,3865,3765,3745,3742,3666
W,6,74000_FF,3976,4048,4079,3738,3772,4043,4059,4081,3815,4000,4067,3937,4074,3743,3736,4278,3738,4049,4051,4034,3855,3975,3720,3666,3755,3721,3647,3697,3869,3712
W,6,76000_FF,3779,3744,3791,3983,3914,3781,3736,3774,4056,3730,3768,3722,3785,3907,4024,4071,4024,3753,3756,3798,4064,4090,3793,3778,3637,3686,3810,3768,3627,3679
W,6,78000_FF,4016,3972,4053,3773,3842,3931,4088,4004,3755,4102,4099,3944,4103,3699,3764,3782,3712,3910,4091,4301,3727,3724,3619,3653,3864,3707,3745,3836,3873,3728
W,6,80000_FF,3880,3860,3771,3931,4016,3946,3759,3721,3850,3762,3761,4148,3726,4043,4005,4004,3756,3702,3761,4097,3995,3912,3845,3720,3606,3813,3856,3819,3692,3686
W,6,82000_FF,4430,4260,4316,4409,4585,4252,4367,4309,4387,4292,4251,4279,4281,4620,4580,4568,4279,4305,4298,4653,4603,4558,4306,4461,4321,4337,4352,4220,4260,4365
W,6,84000_FF,4621,4561,4547,4236,4227,4612,4576,4647,4359,4646,4307,4592,4549,4233,4257,4302,4452,4654,4522,4375,4295,4306,4125,4240,4141,4275,4174,4398,4321,4295
W,6,86000_FF,4264,4292,4869,4590,4639,4723,4241,4291,4619,4281,4582,4252,4817,4651,4558,4491,4313,4241,4218,4615,4587,4581,4323,4145,4388,4290,4237,4190,4384,4215
W,6,88000_FF,4891,4776,4701,4489,4584,4763,4797,4477,5147,4800,4622,4810,4841,4392,4518,4525,4879,4809,4852,5175,4488,4508,4467,4557,4348,4525,4639,4635,4328,4479
W,6,90000_FF,4493,4470,4452,4793,4453,4500,5095,4760,4815,4482,4642,4422,4432,4595,4786,4652,4470,4437,4618,4826,4786,4445,4750,4328,4526,4544,4396,4409,4331,4785
W,6,92000_FF,4764,4486,4789,4454,4836,4818,4839,4464,4480,4748,4541,4756,4680,4528,4460,5169,4831,4908,4408,4465,4437,4826,4289,4356,4402,4331,4341,4638,4465,4302
W,6,94000_FF,4587,4923,4580,4830,5103,4417,4434,4756,4813,4492,4829,4496,4413,4761,4835,4584,4427,4502,4758,4786,4744,4457,4611,4552,4559,4625,4662,4604,4418,4605
W,8,2000_FF,163,155,166,261,206,285,245,173,150,224,224,169,179,152,174,201,173,141,241,212,164,170,341,230,217,161,145,223,220,161
W,8,4000_FF,171,220,236,213,160,193,189,170,242,178,178,164,178,180,268,184,176,187,171,208,174,259,203,177,209,265,189,175,181,198
W,8,6000_FF,227,246,187,227,200,175,239,194,193,201,199,250,192,198,191,223,210,191,186,220,210,198,217,189,198,194,181,198,254,202
W,8,8000_FF,236,220,222,252,207,226,232,223,218,225,250,230,227,233,225,241,310,240,206,217,219,236,253,227,234,208,225,218,240,228
W,8,10000_FF,267,268,243,224,245,233,227,199,236,244,246,249,238,245,240,228,246,239,258,231,243,232,233,241,242,235,261,257,235,224
W,8,12000_FF,260,263,241,255,253,269,241,261,254,254,261,244,266,251,246,350,259,259,263,266,244,271,254,254,246,242,273,246,244,281
W,8,14000_FF,317,286,302,280,282,273,261,286,275,283,276,280,272,291,298,301,277,234,285,319,293,290,339,286,281,273,287,288,280,234
W,8,16000_FF,313,295,322,305,292,308,311,317,297,294,291,287,303,286,292,299,289,304,279,296,291,306,281,372,286,293,279,292,306,313
W,8,18000_FF,411,364,362,358,389,392,374,369,370,407,365,350,384,307,387,396,366,386,373,363,423,419,379,357,386,387,364,386,374,372
W,8,20000_FF,436,432,419,392,408,418,391,419,428,438,439,404,379,415,448,416,435,387,396,407,449,409,419,388,412,413,413,458,427,419
W,8,22000_FF,475,423,438,428,419,419,409,431,434,458,420,431,440,425,445,348,435,434,429,411,424,436,426,477,412,438,396,422,473,457
W,8,24000_FF,530,430,444,437,416,442,447,477,434,410,452,432,457,420,407,461,456,433,498,413,455,444,456,568,435,441,444,476,425,405
W,8,26000_FF,545,524,528,522,527,525,526,528,520,513,535,576,523,515,497,531,544,574,499,577,496,526,554,520,562,494,522,520,521,499
W,8,28000_FF,589,545,571,539,484,506,545,534,532,550,529,538,519,520,541,578,564,564,542,532,555,576,544,556,572,564,529,548,511,465
W,8,30000_FF,514,549,541,582,557,562,647,589,553,519,547,578,547,579,569,546,539,580,541,601,557,545,550,545,562,553,550,570,544,609
W,8,32000_FF,591,644,605,599,611,559,561,561,612,668,567,569,543,508,581,571,577,585,556,603,562,584,610,588,568,557,559,586,556,498
W,8,34000_FF,657,732,607,573,603,636,604,585,602,616,596,589,624,579,628,585,569,609,664,626,606,569,548,590,567,611,599,616,643,554
W,8,36000_FF,614,580,629,656,600,629,610,624,629,630,638,635,657,601,642,642,669,670,673,638,678,635,681,661,625,632,647,594,674,573
W,8,38000_FF,619,596,643,616,616,611,633,680,653,639,684,635,638,619,653,615,661,613,637,639,664,626,629,607,610,643,615,673,653,648
W,8,40000_FF,696,640,658,679,624,682,655,655,628,692,639,680,728,658,684,674,769,665,693,674,677,675,689,684,678,680,675,631,635,682
W,8,42000_FF,714,646,638,699,688,731,668,701,665,689,676,664,644,679,709,696,695,698,719,700,698,749,713,679,676,703,705,649,687,642
W,8,44000_FF,766,759,696,723,735,701,718,694,692,699,737,720,713,698,663,686,713,737,724,654,668,769,623,700,699,797,716,709,712,738
W,8,46000_FF,1143,1083,1016,1104,1082,1103,1159,1141,1107,1126,1036,1068,1044,1099,1155,1103,1127,1148,1164,1134,1147,1153,1093,1125,1106,1097,1071,1078,1157,995
W,8,48000_FF,1066,1122,1107,1086,1149,1113,1135,1155,1150,1060,1129,1111,1146,1055,1051,1053,1093,1123,1055,1076,1045,1129,1084,1112,1073,1162,1169,1164,1140,1113
W,8,50000_FF,1174,1164,1099,1194,1054,1183,1120,1176,1108,1169,1157,1122,1095,1166,1237,1169,1233,1156,1193,1147,1161,1143,1181,1176,1150,1231,1158,1088,1187,1160
W,8,52000_FF,1155,1226,1335,1156,1197,1136,1200,1154,1190,1135,1205,1186,1191,1159,1109,1118,1173,1123,1153,1203,1208,1151,1072,1131,1148,1179,1186,1165,1125,1159
W,8,54000_FF,1787,1710,1664,1850,1653,1784,1649,1769,1695,1813,1673,1725,1701,1792,1775,1812,1717,1802,1791,1832,1915,1795,1807,1774,1837,1894,1705,1702,1765,1725
W,8,56000_FF,1759,1771,1766,1830,1780,1680,1800,1705,1836,1649,1737,1784,1808,1749,1675,1753,1630,1652,1651,1685,1662,1706,1634,1724,1689,1635,1788,1799,1744,1746
W,8,58000_FF,1806,1651,1677,1727,1679,1808,1767,1830,1667,1778,1683,1727,1770,1811,1801,1801,1747,1811,1763,1800,1799,1779,1801,1766,1775,1758,1698,1648,1679,1707
W,8,60000_FF,1693,1823,1842,1802,1814,1691,1798,1725,1778,1701,1816,1802,1807,1708,1698,1748,1689,1676,1731,1795,1690,1725,1734,1750,1722,1643,1776,1674,1823,1702
W,8,62000_FF,1867,1785,1833,1830,1819,1673,1814,1745,1887,1697,1801,1769,1848,1675,1751,1688,1689,1719,1647,1693,1732,1777,1707,1778,1687,1722,1750,1739,1812,1703
W,8,64000_FF,1874,1761,1713,1766,1784,1852,1844,1799,1748,1880,1784,1689,1688,1910,1925,1799,1788,1846,1831,1852,1870,1856,1846,1880,1849,1785,1832,1867,1760,1733
W,8,66000_FF,1896,1910,1906,1866,1872,1780,1900,1716,1876,1777,1907,1876,1869,1731,1726,1794,1852,1828,1846,1750,1738,1809,1815,1747,1793,1852,1844,1745,1896,1753
W,8,68000_FF,2262,2182,2124,2073,2160,2268,2137,2317,2130,2256,2135,2134,2169,2286,2303,2306,2303,2380,2317,2314,2339,2276,2309,2295,2089,2132,2318,2301,2183,2269
W,8,70000_FF,2284,2331,2320,2291,2323,2159,2307,2139,2279,2178,2282,2291,2326,2322,2178,2121,2258,2128,2183,2201,2195,2090,2152,2135,2326,2317,2141,2153,2305,2135
W,8,72000_FF,2312,2208,2181,2173,2178,2265,2182,2317,2129,2274,2128,2190,2198,2304,2288,2315,2312,2322,2302,2357,2339,2395,2325,2168,2100,2179,2325,2316,2169,2219
W,8,74000_FF,2456,2432,2376,2454,2423,2297,2401,2223,2414,2243,2403,2404,2421,2241,2242,2160,2230,2235,2201,2285,2220,2240,2410,2385,2453,2407,2296,2295,2430,2255
W,8,76000_FF,2258,2201,2266,2208,2306,2397,2219,2404,2259,2399,2281,2273,2197,2395,2375,2455,2383,2394,2397,2442,2356,2217,2321,2324,2332,2226,2393,2397,2265,2304
W,8,78000_FF,2449,2423,2419,2389,2429,2270,2431,2220,2403,2313,2436,2395,2424,2266,2300,2261,2332,2322,2228,2292,2286,2420,2406,2413,2441,2492,2258,2277,2426,2227
W,8,80000_FF,2262,2369,2235,2257,2276,2371,2296,2415,2231,2419,2246,2224,2257,2357,2455,2424,2409,2409,2396,2372,2276,2348,2303,2234,2237,2265,2420,2427,2235,2352
W,8,82000_FF,2539,2629,2522,2499,2480,2709,2534,2696,2483,2702,2526,2640,2660,2672,2671,2727,2744,2694,2704,2519,2589,2577,2478,2548,2505,2561,2657,2757,2455,2555
W,8,84000_FF,2724,2796,2743,2739,2715,2588,2679,2532,2691,2536,2764,2682,2771,2606,2507,2483,2553,2577,2715,2703,2699,2738,2708,2740,2753,2746,2490,2553,2463,2483
W,8,86000_FF,2698,2592,2654,2590,2567,2704,2569,2758,2540,2733,2525,2582,2557,2740,2665,2740,2749,2523,2569,2549,2553,2498,2625,2579,2540,2567,2750,2677,2499,2507
W,8,88000_FF,2820,2846,2836,2823,2861,2719,2838,2597,2813,2733,2831,2820,2846,2625,2733,2588,2845,2821,2869,2870,2845,2837,2831,2840,2866,2795,2626,2616,2628,2653
W,8,90000_FF,2899,2677,2709,2663,2616,2827,2663,2821,2649,2836,2642,2580,2610,2865,2840,2675,2676,2624,2601,2742,2684,2657,2645,2630,2572,2594,2836,2872,2684,2538
W,8,92000_FF,2663,2855,2857,2989,2845,2653,2786,2655,2878,2620,2865,2818,2821,2695,2702,2822,2856,2879,2866,2862,2872,2923,2869,2866,2862,2825,2664,2662,2774,2739
W,8,94000_FF,2937,2672,2669,2664,2667,2831,2624,2946,2620,2869,2622,2635,2638,2865,2665,2691,2645,2739,2710,2625,2697,2689,2732,2649,2737,2718,2851,2905,2736,2599
W,10,2000_FF,235,168,163,211,177,158,211,212,165,252,154,176,152,204,222,161,129,161,231,200,212,248,168,180,172,253,146,239,178,163
W,10,4000_FF,269,170,148,174,249,239,255,160,249,227,168,172,165,252,163,241,171,206,178,173,237,167,171,205,174,230,238,169,245,256
W,10,6000_FF,209,188,259,191,188,193,170,176,185,170,188,158,258,227,180,164,180,189,218,201,198,245,272,178,184,205,217,165,179,170
W,10,8000_FF,203,212,209,184,243,202,206,198,230,258,196,206,193,198,197,260,223,207,288,185,238,186,219,203,199,231,208,213,200,255
W,10,10000_FF,278,216,197,238,238,192,224,212,209,225,208,218,193,209,213,220,233,227,215,248,211,217,187,231,228,230,244,215,214,208
W,10,12000_FF,242,219,209,228,239,226,208,286,222,235,211,217,229,223,217,218,218,205,244,265,218,278,204,263,229,223,258,233,202,298
W,10,14000_FF,267,248,198,249,264,208,247,235,236,260,244,237,234,230,206,242,245,267,250,246,247,224,223,262,298,248,241,243,243,258
W,10,16000_FF,249,253,244,249,253,220,256,265,249,281,239,255,242,255,257,243,271,252,241,230,237,245,248,249,249,244,273,260,257,250
W,10,18000_FF,319,238,278,289,258,332,315,305,312,288,289,298,295,285,264,309,284,286,364,312,378,307,252,310,306,308,309,267,269,293
W,10,20000_FF,376,339,354,339,320,333,343,336,327,347,354,292,327,335,331,330,341,339,327,337,336,348,289,342,352,271,353,341,425,352
W,10,22000_FF,379,331,295,353,292,291,312,352,351,354,336,309,338,363,334,332,322,279,391,354,350,352,355,347,330,375,299,326,341,356
W,10,24000_FF,371,336,388,361,360,393,383,350,287,381,360,339,368,430,367,346,326,313,364,331,379,360,373,319,363,375,367,366,408,377
W,10,26000_FF,445,414,432,330,353,430,441,409,419,444,406,442,420,428,394,407,399,460,429,415,428,431,416,370,403,387,411,420,407,527
W,10,28000_FF,457,477,445,486,348,439,402,429,414,453,402,453,427,432,474,420,433,445,434,409,430,447,382,402,436,475,421,440,384,518
W,10,30000_FF,469,386,466,434,445,434,499,416,430,429,455,427,415,434,420,414,407,402,475,430,444,426,441,467,416,418,447,435,447,446
W,10,32000_FF,477,383,447,449,391,475,513,450,437,509,474,495,490,403,478,497,476,502,485,428,478,466,414,453,474,466,451,465,457,457
W,10,34000_FF,454,463,490,479,499,421,477,456,450,442,462,470,510,506,418,501,440,460,448,450,477,419,384,460,452,485,469,458,517,473
W,10,36000_FF,517,406,484,486,486,537,488,475,464,471,552,427,495,498,452,467,499,537,522,521,663,512,429,552,531,496,487,545,465,451
W,10,38000_FF,576,519,456,489,435,499,474,524,515,480,462,497,501,522,542,510,533,510,485,583,504,443,522,486,562,489,497,487,519,479
W,10,40000_FF,492,515,411,567,469,463,525,562,470,501,525,482,526,553,483,555,554,476,496,540,521,555,427,501,526,535,509,490,450,540
W,10,42000_FF,570,513,523,504,495,511,493,505,523,470,613,501,558,561,555,525,537,454,584,529,540,535,547,506,516,571,532,527,503,544
W,10,44000_FF,557,551,486,593,543,481,526,533,557,565,540,599,508,540,463,555,592,494,524,479,478,527,487,560,592,531,500,502,582,565
W,10,46000_FF,764,781,782,906,845,695,835,760,780,886,757,724,853,867,841,821,835,801,852,791,922,773,824,713,767,812,833,793,764,846
W,10,48000_FF,818,743,823,855,895,868,857,849,808,848,762,814,776,805,759,770,736,763,745,776,711,789,736,843,819,801,766,773,808,837
W,10,50000_FF,923,725,839,848,845,856,888,853,820,800,852,937,886,785,831,921,844,833,865,842,799,834,878,781,722,788,807,830,788,792
W,10,52000_FF,789,859,818,979,874,894,816,830,849,859,811,811,925,873,819,957,914,902,795,835,727,787,810,866,924,818,806,775,820,807
W,10,54000_FF,1172,1303,1249,1248,1195,1165,1216,1160,1225,1273,1216,1120,1201,1153,1263,1132,1264,1237,1277,1268,1290,1278,1217,1315,1263,1182,1231,1176,1154,1105
W,10,56000_FF,1132,1284,1232,1274,1142,1165,1297,1271,1239,1328,1200,1189,1293,1273,1159,1300,1159,1160,1178,1132,1227,1138,1250,1251,1221,1165,1288,1154,1246,1181
W,10,58000_FF,1229,1201,1231,1233,1155,1326,1286,1110,1172,1127,1292,1173,1212,1230,1235,1191,1292,1270,1287,1368,1199,1192,1135,1146,1171,1186,1312,1170,1261,1194
W,10,60000_FF,1250,1209,1178,1229,1225,1685,1221,1287,1382,1400,1151,1235,1170,1217,1160,1318,1243,1320,1151,1163,1288,1228,1079,1207,1274,1211,1137,1214,1290,1256
W,10,62000_FF,1253,1261,1243,1270,1219,1125,1302,1231,1330,1345,1174,1243,1151,1362,1175,1216,1156,1174,1216,1136,1263,1142,1219,1292,1199,1218,1157,1271,1243,1332
W,10,64000_FF,1262,1207,1271,1185,1251,1359,1388,1169,1222,1209,1345,1301,1312,1227,1334,1256,1167,1393,1268,1238,1283,1270,1191,1196,1213,1216,1256,1389,1178,1187
W,10,66000_FF,1303,1288,1210,1185,1200,1289,1221,1316,1306,1313,1212,1350,1206,1309,1242,1322,1354,1220,1197,1301,1230,1232,1269,1294,1310,1289,1357,1204,1244,1288
W,10,68000_FF,1398,1454,1566,1434,1554,1631,1490,1623,1455,1485,1561,1480,1573,1560,1689,1482,1597,1564,1541,1468,1573,1534,1492,1435,1431,1452,1490,1583,1486,1452
W,10,70000_FF,1449,1543,1462,1592,1501,1569,1591,1410,1534,1651,1485,1593,1508,1658,1437,1540,1532,1609,1539,1668,1655,1475,1579,1575,1623,1715,1544,1468,1537,1504
W,10,72000_FF,1506,1457,1612,1619,1585,1575,1601,1614,1525,1542,1558,1488,1624,1510,1595,1539,1619,1607,1663,1564,1669,1556,1509,1505,1499,1498,1466,1534,1498,1586
W,10,74000_FF,1577,1600,1599,1660,1512,1818,1801,1534,1606,1599,1559,1637,1581,1682,1563,1703,1608,1629,1612,1673,1619,1602,1594,1635,1645,1581,1649,1576,1609,1562
W,10,76000_FF,1531,1496,1714,1557,1636,1728,1617,1590,1674,1506,1611,1504,1649,1609,1597,1513,1679,1486,1715,1737,1514,1511,1520,1457,1546,1503,1528,1655,1605,1598
W,10,78000_FF,1577,1626,1611,1621,1551,1684,1613,1517,1708,1692,1621,1649,1472,1632,1523,1647,1712,1621,1730,1550,1523,1699,1674,1643,1734,1535,1590,1619,1669,1601
W,10,80000_FF,1720,1619,1805,1893,1927,1916,1764,1779,1658,1984,1853,1693,1805,1689,1894,1730,1826,1707,1964,1831,1880,1695,1706,1966,1710,1815,1710,1667,1970,1768
W,10,82000_FF,1791,1687,1875,1839,1775,2046,1857,1897,1738,1860,1811,1711,1786,1711,1879,1735,1710,1870,1737,1905,1834,1836,1751,1837,1711,1725,1714,1701,1790,1687
W,10,84000_FF,1733,1793,1753,1802,1669,1730,1686,1732,1856,1814,1734,1782,1888,1870,1730,1909,1939,1912,1841,1789,1717,1735,1851,1845,1855,1804,1926,1867,1840,1839
W,10,86000_FF,1713,1782,1868,1847,1803,1695,1768,1874,1726,1945,1862,2000,1857,1747,1871,1815,1785,1706,1732,1880,1720,1810,1732,1815,1710,1863,1741,1750,1827,1710
W,10,88000_FF,1808,1780,1888,1854,1792,1829,1757,1796,1895,1874,1735,1921,1770,1880,1827,1978,1850,1944,1901,1938,1875,1733,1906,1903,1872,1907,1941,1959,1770,1955
W,10,90000_FF,1885,1809,1861,1840,1793,1986,1900,1876,1884,1742,1877,1774,2008,1758,1847,1915,1764,1808,1755,1837,1770,1783,1840,1750,1745,1810,1769,1779,1833,1996
W,10,92000_FF,1979,1792,1816,1964,1852,2048,1916,1911,1726,1929,1805,1957,1945,1916,1936,1896,1956,1944,1957,1996,2028,1865,1955,2030,1945,1930,1912,1858,1801,1915
W,10,94000_FF,1876,1872,2035,1724,1939,1944,1951,1926,1977,1874,2012,1839,2012,1896,1927,1815,1811,1832,1814,1796,1976,1737,1790,1886,1782,1794,1828,1815,1878,1962
